timestamp,vib_1,vib_2,gyro,photodiode,label
2026-02-27 12:00:00.000,0,0,0.09,99.1,0
2026-02-27 12:00:00.100,1,1,8.36,69.3,2
2026-02-27 12:00:00.200,1,0,3.98,98.5,1
2026-02-27 12:00:00.300,0,0,0.42,98.5,0
2026-02-27 12:00:00.400,0,0,0.24,98.4,0
2026-02-27 12:00:00.500,0,0,0.49,99.9,0
2026-02-27 12:00:00.600,0,0,0.02,99.4,0
2026-02-27 12:00:00.700,1,0,2.54,97.8,1
2026-02-27 12:00:00.800,0,0,0.46,98.1,0
2026-02-27 12:00:00.900,1,0,2.89,99.6,1
2026-02-27 12:00:01.000,0,0,0.49,99.9,0
2026-02-27 12:00:01.100,1,1,6.37,74.5,2
2026-02-27 12:00:01.200,1,0,2.96,99.1,1
2026-02-27 12:00:01.300,0,0,0.02,99.2,0
2026-02-27 12:00:01.400,0,0,0.12,98.2,0
2026-02-27 12:00:01.500,0,0,0.04,99.4,0
2026-02-27 12:00:01.600,0,0,0.17,99.4,0
2026-02-27 12:00:01.700,0,0,0.03,98.6,0
2026-02-27 12:00:01.800,0,0,0.27,99.6,0
2026-02-27 12:00:01.900,0,0,0.16,99.3,0
2026-02-27 12:00:02.000,0,0,0.44,99.2,0
2026-02-27 12:00:02.100,0,0,0.12,98.0,0
2026-02-27 12:00:02.200,0,0,0.44,98.0,0
2026-02-27 12:00:02.300,0,0,0.44,99.1,0
2026-02-27 12:00:02.400,0,0,0.47,99.6,0
2026-02-27 12:00:02.500,0,1,3.05,98.8,1
2026-02-27 12:00:02.600,0,0,0.2,99.0,0
2026-02-27 12:00:02.700,0,0,0.31,99.7,0
2026-02-27 12:00:02.800,0,0,0.49,99.5,0
2026-02-27 12:00:02.900,0,0,0.21,98.8,0
2026-02-27 12:00:03.000,0,0,0.37,98.5,0
2026-02-27 12:00:03.100,0,0,0.06,98.7,0
2026-02-27 12:00:03.200,0,0,0.14,98.6,0
2026-02-27 12:00:03.300,1,1,5.17,41.7,2
2026-02-27 12:00:03.400,1,1,4.09,79.5,2
2026-02-27 12:00:03.500,1,0,3.15,98.4,1
2026-02-27 12:00:03.600,0,0,0.11,99.9,0
2026-02-27 12:00:03.700,0,0,0.39,98.2,0
2026-02-27 12:00:03.800,0,0,0.21,99.8,0
2026-02-27 12:00:03.900,0,0,0.47,98.9,0
2026-02-27 12:00:04.000,0,0,0.31,98.3,0
2026-02-27 12:00:04.100,0,0,0.5,98.5,0
2026-02-27 12:00:04.200,0,0,0.47,99.3,0
2026-02-27 12:00:04.300,1,1,7.04,60.5,2
2026-02-27 12:00:04.400,0,0,0.12,98.4,0
2026-02-27 12:00:04.500,0,0,0.11,98.4,0
2026-02-27 12:00:04.600,0,0,0.39,98.7,0
2026-02-27 12:00:04.700,0,0,0.03,99.9,0
2026-02-27 12:00:04.800,0,0,0.44,99.9,0
2026-02-27 12:00:04.900,0,0,0.5,98.3,0
2026-02-27 12:00:05.000,1,1,5.98,70.3,2
2026-02-27 12:00:05.100,1,0,2.46,99.1,1
2026-02-27 12:00:05.200,1,1,5.12,49.0,2
2026-02-27 12:00:05.300,1,0,3.78,97.9,1
2026-02-27 12:00:05.400,0,0,0.05,99.8,0
2026-02-27 12:00:05.500,1,1,5.33,45.2,2
2026-02-27 12:00:05.600,0,0,0.44,99.9,0
2026-02-27 12:00:05.700,0,0,0.43,99.6,0
2026-02-27 12:00:05.800,0,0,0.33,99.1,0
2026-02-27 12:00:05.900,0,0,0.04,98.8,0
2026-02-27 12:00:06.000,0,0,0.19,98.5,0
2026-02-27 12:00:06.100,0,0,0.36,99.0,0
2026-02-27 12:00:06.200,1,0,2.66,98.4,1
2026-02-27 12:00:06.300,0,0,0.04,99.7,0
2026-02-27 12:00:06.400,0,0,0.25,99.0,0
2026-02-27 12:00:06.500,0,0,0.3,99.6,0
2026-02-27 12:00:06.600,0,0,0.17,99.4,0
2026-02-27 12:00:06.700,1,0,2.8,99.4,1
2026-02-27 12:00:06.800,0,0,0.4,99.3,0
2026-02-27 12:00:06.900,1,1,8.25,74.7,2
2026-02-27 12:00:07.000,1,0,4.51,98.5,1
2026-02-27 12:00:07.100,0,0,0.34,99.2,0
2026-02-27 12:00:07.200,0,0,0.38,98.3,0
2026-02-27 12:00:07.300,1,0,4.62,95.1,1
2026-02-27 12:00:07.400,0,1,2.39,96.7,1
2026-02-27 12:00:07.500,1,0,2.48,99.1,1
2026-02-27 12:00:07.600,1,0,3.52,95.0,1
2026-02-27 12:00:07.700,0,0,0.14,99.2,0
2026-02-27 12:00:07.800,0,0,0.49,99.3,0
2026-02-27 12:00:07.900,0,0,0.13,99.3,0
2026-02-27 12:00:08.000,1,0,4.34,95.5,1
2026-02-27 12:00:08.100,0,0,0.38,99.1,0
2026-02-27 12:00:08.200,0,0,0.48,98.7,0
2026-02-27 12:00:08.300,0,0,0.32,99.9,0
2026-02-27 12:00:08.400,0,0,0.05,99.9,0
2026-02-27 12:00:08.500,0,0,0.34,98.1,0
2026-02-27 12:00:08.600,0,1,4.12,95.3,1
2026-02-27 12:00:08.700,0,0,0.29,98.7,0
2026-02-27 12:00:08.800,1,1,2.14,99.4,1
2026-02-27 12:00:08.900,0,0,0.49,99.9,0
2026-02-27 12:00:09.000,0,0,0.37,98.3,0
2026-02-27 12:00:09.100,0,1,2.07,95.1,1
2026-02-27 12:00:09.200,1,0,3.47,98.9,1
2026-02-27 12:00:09.300,0,0,0.34,98.9,0
2026-02-27 12:00:09.400,1,1,4.99,97.1,1
2026-02-27 12:00:09.500,0,0,0.23,98.3,0
2026-02-27 12:00:09.600,0,0,0.4,99.4,0
2026-02-27 12:00:09.700,0,0,0.11,98.2,0
2026-02-27 12:00:09.800,0,0,0.34,99.3,0
2026-02-27 12:00:09.900,0,0,0.14,99.9,0
2026-02-27 12:00:10.000,0,0,0.08,98.9,0
2026-02-27 12:00:10.100,0,0,0.47,98.8,0
2026-02-27 12:00:10.200,0,0,0.32,98.8,0
2026-02-27 12:00:10.300,0,0,0.14,100.0,0
2026-02-27 12:00:10.400,1,1,6.05,75.8,2
2026-02-27 12:00:10.500,0,0,0.11,98.4,0
2026-02-27 12:00:10.600,0,0,0.02,99.3,0
2026-02-27 12:00:10.700,1,1,4.59,97.4,1
2026-02-27 12:00:10.800,0,0,0.48,98.4,0
2026-02-27 12:00:10.900,0,0,0.43,99.6,0
2026-02-27 12:00:11.000,0,0,0.39,99.7,0
2026-02-27 12:00:11.100,0,0,0.38,99.3,0
2026-02-27 12:00:11.200,1,1,4.66,41.3,2
2026-02-27 12:00:11.300,1,1,3.85,99.0,1
2026-02-27 12:00:11.400,0,0,0.24,98.2,0
2026-02-27 12:00:11.500,0,1,4.06,97.2,1
2026-02-27 12:00:11.600,1,1,3.47,95.3,1
2026-02-27 12:00:11.700,0,0,0.29,98.5,0
2026-02-27 12:00:11.800,1,1,2.93,97.3,1
2026-02-27 12:00:11.900,0,0,0.01,98.1,0
2026-02-27 12:00:12.000,1,1,3.44,98.0,1
2026-02-27 12:00:12.100,1,0,4.08,99.3,1
2026-02-27 12:00:12.200,0,0,0.39,98.1,0
2026-02-27 12:00:12.300,0,0,0.24,98.2,0
2026-02-27 12:00:12.400,0,0,0.12,100.0,0
2026-02-27 12:00:12.500,0,0,0.07,99.0,0
2026-02-27 12:00:12.600,1,1,4.11,97.8,1
2026-02-27 12:00:12.700,1,1,2.98,97.6,1
2026-02-27 12:00:12.800,0,0,0.04,98.7,0
2026-02-27 12:00:12.900,0,0,0.02,98.2,0
2026-02-27 12:00:13.000,0,0,0.2,98.3,0
2026-02-27 12:00:13.100,0,0,0.28,99.4,0
2026-02-27 12:00:13.200,0,0,0.4,98.4,0
2026-02-27 12:00:13.300,0,0,0.08,98.2,0
2026-02-27 12:00:13.400,1,1,7.18,68.3,2
2026-02-27 12:00:13.500,0,0,0.02,99.9,0
2026-02-27 12:00:13.600,0,0,0.03,99.1,0
2026-02-27 12:00:13.700,1,1,4.61,98.6,1
2026-02-27 12:00:13.800,0,0,0.4,98.7,0
2026-02-27 12:00:13.900,1,1,8.07,43.2,2
2026-02-27 12:00:14.000,1,1,8.47,61.9,2
2026-02-27 12:00:14.100,0,0,0.41,98.9,0
2026-02-27 12:00:14.200,0,0,0.32,99.1,0
2026-02-27 12:00:14.300,0,0,0.37,98.2,0
2026-02-27 12:00:14.400,0,0,0.03,98.5,0
2026-02-27 12:00:14.500,0,0,0.08,99.7,0
2026-02-27 12:00:14.600,0,0,0.11,100.0,0
2026-02-27 12:00:14.700,0,0,0.17,98.4,0
2026-02-27 12:00:14.800,0,0,0.39,99.3,0
2026-02-27 12:00:14.900,0,0,0.25,99.1,0
2026-02-27 12:00:15.000,1,1,7.6,49.1,2
2026-02-27 12:00:15.100,0,0,0.5,99.9,0
2026-02-27 12:00:15.200,0,0,0.33,98.4,0
2026-02-27 12:00:15.300,0,0,0.34,98.1,0
2026-02-27 12:00:15.400,1,1,4.15,50.3,2
2026-02-27 12:00:15.500,0,0,0.23,99.7,0
2026-02-27 12:00:15.600,0,0,0.36,99.5,0
2026-02-27 12:00:15.700,1,0,3.04,96.9,1
2026-02-27 12:00:15.800,0,0,0.49,98.1,0
2026-02-27 12:00:15.900,1,0,3.74,97.2,1
2026-02-27 12:00:16.000,0,0,0.36,99.0,0
2026-02-27 12:00:16.100,0,0,0.44,99.8,0
2026-02-27 12:00:16.200,0,0,0.21,98.6,0
2026-02-27 12:00:16.300,0,0,0.3,99.8,0
2026-02-27 12:00:16.400,0,0,0.11,99.2,0
2026-02-27 12:00:16.500,1,0,4.2,95.7,1
2026-02-27 12:00:16.600,0,0,0.36,99.8,0
2026-02-27 12:00:16.700,0,0,0.09,98.5,0
2026-02-27 12:00:16.800,0,0,0.49,98.4,0
2026-02-27 12:00:16.900,0,0,0.43,99.0,0
2026-02-27 12:00:17.000,0,0,0.12,99.7,0
2026-02-27 12:00:17.100,0,0,0.22,99.0,0
2026-02-27 12:00:17.200,0,0,0.18,99.2,0
2026-02-27 12:00:17.300,0,0,0.08,98.8,0
2026-02-27 12:00:17.400,0,0,0.48,98.5,0
2026-02-27 12:00:17.500,0,0,0.33,98.7,0
2026-02-27 12:00:17.600,0,0,0.39,98.3,0
2026-02-27 12:00:17.700,0,0,0.48,98.9,0
2026-02-27 12:00:17.800,1,1,5.18,42.9,2
2026-02-27 12:00:17.900,0,0,0.08,99.0,0
2026-02-27 12:00:18.000,0,0,0.17,99.7,0
2026-02-27 12:00:18.100,0,0,0.22,98.5,0
2026-02-27 12:00:18.200,1,1,7.09,68.3,2
2026-02-27 12:00:18.300,1,1,2.5,95.2,1
2026-02-27 12:00:18.400,0,0,0.37,99.3,0
2026-02-27 12:00:18.500,0,0,0.24,99.7,0
2026-02-27 12:00:18.600,1,1,3.76,99.3,1
2026-02-27 12:00:18.700,0,0,0.1,98.2,0
2026-02-27 12:00:18.800,0,0,0.13,98.1,0
2026-02-27 12:00:18.900,0,0,0.27,99.9,0
2026-02-27 12:00:19.000,0,0,0.02,98.2,0
2026-02-27 12:00:19.100,1,0,4.8,96.6,1
2026-02-27 12:00:19.200,1,1,6.54,41.7,2
2026-02-27 12:00:19.300,0,0,0.07,100.0,0
2026-02-27 12:00:19.400,0,0,0.48,98.0,0
2026-02-27 12:00:19.500,0,0,0.48,99.3,0
2026-02-27 12:00:19.600,1,0,3.36,97.6,1
2026-02-27 12:00:19.700,1,0,4.0,95.7,1
2026-02-27 12:00:19.800,1,1,2.92,98.5,1
2026-02-27 12:00:19.900,1,1,4.02,99.8,1
2026-02-27 12:00:20.000,0,0,0.05,99.3,0
2026-02-27 12:00:20.100,0,0,0.22,99.7,0
2026-02-27 12:00:20.200,0,0,0.09,99.4,0
2026-02-27 12:00:20.300,1,0,4.83,98.4,1
2026-02-27 12:00:20.400,0,0,0.25,99.2,0
2026-02-27 12:00:20.500,0,0,0.43,99.1,0
2026-02-27 12:00:20.600,0,0,0.02,99.9,0
2026-02-27 12:00:20.700,0,0,0.34,99.4,0
2026-02-27 12:00:20.800,0,0,0.11,99.3,0
2026-02-27 12:00:20.900,0,0,0.2,99.3,0
2026-02-27 12:00:21.000,0,0,0.05,99.3,0
2026-02-27 12:00:21.100,0,0,0.5,98.1,0
2026-02-27 12:00:21.200,0,0,0.49,98.8,0
2026-02-27 12:00:21.300,0,0,0.44,99.6,0
2026-02-27 12:00:21.400,1,0,4.22,99.4,1
2026-02-27 12:00:21.500,0,0,0.2,98.7,0
2026-02-27 12:00:21.600,0,0,0.33,99.6,0
2026-02-27 12:00:21.700,1,0,4.39,97.2,1
2026-02-27 12:00:21.800,0,0,0.41,98.2,0
2026-02-27 12:00:21.900,1,0,2.02,96.6,1
2026-02-27 12:00:22.000,0,0,0.18,98.8,0
2026-02-27 12:00:22.100,0,0,0.35,98.8,0
2026-02-27 12:00:22.200,0,0,0.22,98.5,0
2026-02-27 12:00:22.300,0,0,0.19,98.5,0
2026-02-27 12:00:22.400,0,0,0.04,99.2,0
2026-02-27 12:00:22.500,0,0,0.33,99.2,0
2026-02-27 12:00:22.600,1,1,6.32,55.2,2
2026-02-27 12:00:22.700,0,0,0.43,99.0,0
2026-02-27 12:00:22.800,1,1,2.08,96.7,1
2026-02-27 12:00:22.900,0,0,0.19,98.8,0
2026-02-27 12:00:23.000,1,0,3.6,98.0,1
2026-02-27 12:00:23.100,0,0,0.38,99.6,0
2026-02-27 12:00:23.200,0,0,0.36,99.9,0
2026-02-27 12:00:23.300,0,0,0.01,98.4,0
2026-02-27 12:00:23.400,0,0,0.0,99.3,0
2026-02-27 12:00:23.500,1,0,2.73,99.6,1
2026-02-27 12:00:23.600,0,0,0.03,99.9,0
2026-02-27 12:00:23.700,0,0,0.18,98.2,0
2026-02-27 12:00:23.800,0,0,0.24,98.5,0
2026-02-27 12:00:23.900,0,0,0.14,98.6,0
2026-02-27 12:00:24.000,1,1,8.02,61.6,2
2026-02-27 12:00:24.100,1,1,5.56,64.4,2
2026-02-27 12:00:24.200,1,1,7.58,50.9,2
2026-02-27 12:00:24.300,0,0,0.21,98.2,0
2026-02-27 12:00:24.400,0,0,0.09,99.4,0
2026-02-27 12:00:24.500,1,1,4.91,61.0,2
2026-02-27 12:00:24.600,0,0,0.35,98.2,0
2026-02-27 12:00:24.700,1,1,6.84,50.3,2
2026-02-27 12:00:24.800,1,1,8.81,59.3,2
2026-02-27 12:00:24.900,0,1,3.65,95.2,1
2026-02-27 12:00:25.000,0,0,0.32,99.9,0
2026-02-27 12:00:25.100,0,0,0.3,99.6,0
2026-02-27 12:00:25.200,1,1,2.68,96.1,1
2026-02-27 12:00:25.300,0,0,0.31,98.8,0
2026-02-27 12:00:25.400,0,0,0.42,99.8,0
2026-02-27 12:00:25.500,0,0,0.18,98.5,0
2026-02-27 12:00:25.600,1,1,7.9,51.0,2
2026-02-27 12:00:25.700,0,0,0.41,98.8,0
2026-02-27 12:00:25.800,0,0,0.33,98.2,0
2026-02-27 12:00:25.900,0,0,0.31,98.9,0
2026-02-27 12:00:26.000,0,0,0.29,98.3,0
2026-02-27 12:00:26.100,1,1,7.68,74.5,2
2026-02-27 12:00:26.200,0,0,0.11,98.2,0
2026-02-27 12:00:26.300,0,0,0.01,99.3,0
2026-02-27 12:00:26.400,1,0,3.64,96.2,1
2026-02-27 12:00:26.500,1,0,3.78,97.5,1
2026-02-27 12:00:26.600,0,0,0.49,98.3,0
2026-02-27 12:00:26.700,0,1,3.21,97.1,1
2026-02-27 12:00:26.800,0,0,0.36,99.4,0
2026-02-27 12:00:26.900,0,0,0.5,98.3,0
2026-02-27 12:00:27.000,0,1,4.17,97.9,1
2026-02-27 12:00:27.100,1,0,2.24,95.4,1
2026-02-27 12:00:27.200,0,1,2.58,96.6,1
2026-02-27 12:00:27.300,1,1,5.13,54.2,2
2026-02-27 12:00:27.400,0,0,0.03,99.0,0
2026-02-27 12:00:27.500,0,0,0.03,99.6,0
2026-02-27 12:00:27.600,0,1,3.62,99.4,1
2026-02-27 12:00:27.700,0,0,0.33,99.1,0
2026-02-27 12:00:27.800,0,1,3.0,98.3,1
2026-02-27 12:00:27.900,0,1,3.99,97.8,1
2026-02-27 12:00:28.000,1,0,3.4,95.3,1
2026-02-27 12:00:28.100,0,0,0.28,99.9,0
2026-02-27 12:00:28.200,0,0,0.09,99.4,0
2026-02-27 12:00:28.300,0,0,0.1,99.1,0
2026-02-27 12:00:28.400,0,0,0.05,98.9,0
2026-02-27 12:00:28.500,0,0,0.38,98.7,0
2026-02-27 12:00:28.600,0,0,0.33,99.6,0
2026-02-27 12:00:28.700,0,0,0.46,98.5,0
2026-02-27 12:00:28.800,0,0,0.2,98.3,0
2026-02-27 12:00:28.900,0,0,0.5,99.9,0
2026-02-27 12:00:29.000,0,0,0.27,99.7,0
2026-02-27 12:00:29.100,0,0,0.26,99.2,0
2026-02-27 12:00:29.200,1,1,4.27,95.6,1
2026-02-27 12:00:29.300,0,0,0.41,99.6,0
2026-02-27 12:00:29.400,0,0,0.35,98.1,0
2026-02-27 12:00:29.500,0,0,0.15,98.5,0
2026-02-27 12:00:29.600,1,0,2.26,99.7,1
2026-02-27 12:00:29.700,0,0,0.28,98.6,0
2026-02-27 12:00:29.800,0,0,0.2,98.9,0
2026-02-27 12:00:29.900,0,0,0.3,99.0,0
2026-02-27 12:00:30.000,0,0,0.46,99.0,0
2026-02-27 12:00:30.100,0,0,0.5,99.7,0
2026-02-27 12:00:30.200,0,0,0.1,99.9,0
2026-02-27 12:00:30.300,0,0,0.06,99.6,0
2026-02-27 12:00:30.400,0,1,4.63,99.3,1
2026-02-27 12:00:30.500,1,1,8.03,71.6,2
2026-02-27 12:00:30.600,0,0,0.15,98.2,0
2026-02-27 12:00:30.700,0,0,0.2,98.3,0
2026-02-27 12:00:30.800,1,0,3.04,99.9,1
2026-02-27 12:00:30.900,0,0,0.32,99.6,0
2026-02-27 12:00:31.000,0,0,0.07,99.7,0
2026-02-27 12:00:31.100,0,0,0.46,99.0,0
2026-02-27 12:00:31.200,0,0,0.3,99.5,0
2026-02-27 12:00:31.300,1,1,4.87,60.1,2
2026-02-27 12:00:31.400,0,1,2.44,96.8,1
2026-02-27 12:00:31.500,0,0,0.03,98.1,0
2026-02-27 12:00:31.600,0,0,0.07,99.9,0
2026-02-27 12:00:31.700,0,0,0.27,99.9,0
2026-02-27 12:00:31.800,0,0,0.22,98.6,0
2026-02-27 12:00:31.900,0,0,0.25,98.9,0
2026-02-27 12:00:32.000,0,0,0.05,99.3,0
2026-02-27 12:00:32.100,1,0,3.86,98.3,1
2026-02-27 12:00:32.200,0,0,0.08,98.1,0
2026-02-27 12:00:32.300,0,0,0.39,98.9,0
2026-02-27 12:00:32.400,1,1,4.29,79.8,2
2026-02-27 12:00:32.500,1,0,4.09,99.9,1
2026-02-27 12:00:32.600,0,0,0.12,98.3,0
2026-02-27 12:00:32.700,0,0,0.06,98.6,0
2026-02-27 12:00:32.800,0,0,0.05,99.4,0
2026-02-27 12:00:32.900,0,0,0.03,99.0,0
2026-02-27 12:00:33.000,0,0,0.5,99.6,0
2026-02-27 12:00:33.100,0,1,2.92,98.1,1
2026-02-27 12:00:33.200,0,0,0.26,98.9,0
2026-02-27 12:00:33.300,0,0,0.07,99.8,0
2026-02-27 12:00:33.400,0,0,0.22,98.4,0
2026-02-27 12:00:33.500,0,0,0.18,98.8,0
2026-02-27 12:00:33.600,1,0,4.2,98.8,1
2026-02-27 12:00:33.700,1,0,3.25,97.4,1
2026-02-27 12:00:33.800,0,0,0.01,98.5,0
2026-02-27 12:00:33.900,0,0,0.38,98.3,0
2026-02-27 12:00:34.000,0,0,0.27,98.4,0
2026-02-27 12:00:34.100,0,0,0.01,98.5,0
2026-02-27 12:00:34.200,0,0,0.49,99.6,0
2026-02-27 12:00:34.300,0,0,0.48,99.0,0
2026-02-27 12:00:34.400,0,0,0.05,99.1,0
2026-02-27 12:00:34.500,0,0,0.23,99.7,0
2026-02-27 12:00:34.600,0,0,0.05,99.0,0
2026-02-27 12:00:34.700,0,0,0.08,98.6,0
2026-02-27 12:00:34.800,0,0,0.37,99.0,0
2026-02-27 12:00:34.900,0,0,0.19,98.8,0
2026-02-27 12:00:35.000,0,0,0.23,99.6,0
2026-02-27 12:00:35.100,1,0,4.87,98.9,1
2026-02-27 12:00:35.200,0,0,0.16,99.4,0
2026-02-27 12:00:35.300,0,0,0.22,98.5,0
2026-02-27 12:00:35.400,0,0,0.42,98.1,0
2026-02-27 12:00:35.500,0,0,0.45,98.9,0
2026-02-27 12:00:35.600,0,0,0.32,99.3,0
2026-02-27 12:00:35.700,0,0,0.45,99.3,0
2026-02-27 12:00:35.800,1,1,7.07,42.7,2
2026-02-27 12:00:35.900,0,0,0.26,98.3,0
2026-02-27 12:00:36.000,0,0,0.37,99.0,0
2026-02-27 12:00:36.100,0,0,0.34,98.1,0
2026-02-27 12:00:36.200,0,0,0.04,99.4,0
2026-02-27 12:00:36.300,0,0,0.04,98.1,0
2026-02-27 12:00:36.400,1,1,4.06,78.3,2
2026-02-27 12:00:36.500,0,0,0.37,98.7,0
2026-02-27 12:00:36.600,1,1,5.48,54.0,2
2026-02-27 12:00:36.700,1,1,7.87,66.5,2
2026-02-27 12:00:36.800,0,0,0.09,98.3,0
2026-02-27 12:00:36.900,0,0,0.05,99.3,0
2026-02-27 12:00:37.000,0,0,0.38,98.5,0
2026-02-27 12:00:37.100,0,0,0.01,98.2,0
2026-02-27 12:00:37.200,0,0,0.48,98.6,0
2026-02-27 12:00:37.300,0,0,0.38,99.2,0
2026-02-27 12:00:37.400,0,0,0.19,98.4,0
2026-02-27 12:00:37.500,0,0,0.06,99.2,0
2026-02-27 12:00:37.600,1,0,3.93,97.7,1
2026-02-27 12:00:37.700,0,0,0.02,99.9,0
2026-02-27 12:00:37.800,0,1,2.88,99.9,1
2026-02-27 12:00:37.900,0,0,0.3,99.2,0
2026-02-27 12:00:38.000,0,0,0.37,99.6,0
2026-02-27 12:00:38.100,0,0,0.33,98.3,0
2026-02-27 12:00:38.200,0,0,0.17,99.9,0
2026-02-27 12:00:38.300,1,0,3.12,97.2,1
2026-02-27 12:00:38.400,1,1,3.84,99.7,1
2026-02-27 12:00:38.500,1,1,2.36,96.0,1
2026-02-27 12:00:38.600,0,0,0.44,99.3,0
2026-02-27 12:00:38.700,0,0,0.14,99.6,0
2026-02-27 12:00:38.800,1,0,4.54,99.6,1
2026-02-27 12:00:38.900,1,0,4.27,97.3,1
2026-02-27 12:00:39.000,1,1,8.21,69.1,2
2026-02-27 12:00:39.100,0,0,0.39,99.3,0
2026-02-27 12:00:39.200,0,0,0.09,99.1,0
2026-02-27 12:00:39.300,1,0,4.81,95.2,1
2026-02-27 12:00:39.400,0,0,0.08,98.3,0
2026-02-27 12:00:39.500,1,1,7.63,72.7,2
2026-02-27 12:00:39.600,1,0,3.52,99.2,1
2026-02-27 12:00:39.700,0,0,0.37,99.1,0
2026-02-27 12:00:39.800,1,0,3.53,96.5,1
2026-02-27 12:00:39.900,1,0,4.07,99.4,1
2026-02-27 12:00:40.000,0,0,0.32,99.5,0
2026-02-27 12:00:40.100,1,1,4.8,58.5,2
2026-02-27 12:00:40.200,0,0,0.0,98.5,0
2026-02-27 12:00:40.300,1,0,4.98,95.5,1
2026-02-27 12:00:40.400,0,0,0.2,99.6,0
2026-02-27 12:00:40.500,1,0,3.67,98.7,1
2026-02-27 12:00:40.600,0,0,0.31,98.4,0
2026-02-27 12:00:40.700,0,0,0.18,99.6,0
2026-02-27 12:00:40.800,1,1,6.77,40.2,2
2026-02-27 12:00:40.900,0,0,0.38,98.1,0
2026-02-27 12:00:41.000,0,0,0.37,98.4,0
2026-02-27 12:00:41.100,1,1,8.79,54.7,2
2026-02-27 12:00:41.200,1,1,5.63,46.0,2
2026-02-27 12:00:41.300,0,0,0.15,99.8,0
2026-02-27 12:00:41.400,0,0,0.5,98.7,0
2026-02-27 12:00:41.500,0,0,0.22,99.4,0
2026-02-27 12:00:41.600,0,0,0.44,99.2,0
2026-02-27 12:00:41.700,0,0,0.2,98.8,0
2026-02-27 12:00:41.800,0,0,0.35,98.0,0
2026-02-27 12:00:41.900,1,1,3.07,99.0,1
2026-02-27 12:00:42.000,1,0,3.76,97.4,1
2026-02-27 12:00:42.100,1,0,2.19,97.9,1
2026-02-27 12:00:42.200,0,0,0.28,99.1,0
2026-02-27 12:00:42.300,0,0,0.3,99.4,0
2026-02-27 12:00:42.400,0,0,0.4,98.5,0
2026-02-27 12:00:42.500,0,0,0.41,99.0,0
2026-02-27 12:00:42.600,0,0,0.04,98.1,0
2026-02-27 12:00:42.700,0,1,4.35,98.5,1
2026-02-27 12:00:42.800,0,0,0.39,99.0,0
2026-02-27 12:00:42.900,0,0,0.22,98.3,0
2026-02-27 12:00:43.000,0,0,0.16,98.9,0
2026-02-27 12:00:43.100,1,0,2.66,98.0,1
2026-02-27 12:00:43.200,0,0,0.37,100.0,0
2026-02-27 12:00:43.300,0,0,0.47,99.3,0
2026-02-27 12:00:43.400,0,0,0.21,99.3,0
2026-02-27 12:00:43.500,1,0,2.36,97.0,1
2026-02-27 12:00:43.600,0,0,0.42,98.8,0
2026-02-27 12:00:43.700,0,1,3.76,95.9,1
2026-02-27 12:00:43.800,0,1,3.0,95.1,1
2026-02-27 12:00:43.900,0,0,0.01,99.7,0
2026-02-27 12:00:44.000,0,0,0.14,99.0,0
2026-02-27 12:00:44.100,1,1,5.49,77.6,2
2026-02-27 12:00:44.200,0,0,0.13,98.9,0
2026-02-27 12:00:44.300,0,0,0.44,99.7,0
2026-02-27 12:00:44.400,0,1,4.41,97.3,1
2026-02-27 12:00:44.500,1,1,6.41,45.3,2
2026-02-27 12:00:44.600,1,1,4.4,69.1,2
2026-02-27 12:00:44.700,1,0,3.31,98.6,1
2026-02-27 12:00:44.800,0,0,0.38,98.3,0
2026-02-27 12:00:44.900,0,0,0.31,98.3,0
2026-02-27 12:00:45.000,0,1,3.97,99.8,1
2026-02-27 12:00:45.100,0,0,0.03,98.1,0
2026-02-27 12:00:45.200,0,0,0.14,98.5,0
2026-02-27 12:00:45.300,1,1,5.23,76.3,2
2026-02-27 12:00:45.400,0,0,0.12,98.5,0
2026-02-27 12:00:45.500,0,0,0.38,98.9,0
2026-02-27 12:00:45.600,0,0,0.39,98.1,0
2026-02-27 12:00:45.700,0,0,0.24,98.1,0
2026-02-27 12:00:45.800,0,0,0.03,99.8,0
2026-02-27 12:00:45.900,0,0,0.07,99.1,0
2026-02-27 12:00:46.000,0,0,0.21,98.7,0
2026-02-27 12:00:46.100,0,0,0.45,98.0,0
2026-02-27 12:00:46.200,1,0,4.89,97.8,1
2026-02-27 12:00:46.300,0,0,0.47,98.1,0
2026-02-27 12:00:46.400,1,1,6.09,50.4,2
2026-02-27 12:00:46.500,0,0,0.37,100.0,0
2026-02-27 12:00:46.600,0,0,0.13,99.3,0
2026-02-27 12:00:46.700,1,0,3.7,97.3,1
2026-02-27 12:00:46.800,0,0,0.49,99.2,0
2026-02-27 12:00:46.900,1,1,5.75,44.6,2
2026-02-27 12:00:47.000,0,0,0.08,98.5,0
2026-02-27 12:00:47.100,1,1,5.25,74.0,2
2026-02-27 12:00:47.200,0,0,0.28,99.0,0
2026-02-27 12:00:47.300,1,0,4.58,98.6,1
2026-02-27 12:00:47.400,0,0,0.03,99.4,0
2026-02-27 12:00:47.500,1,1,6.72,43.3,2
2026-02-27 12:00:47.600,0,0,0.23,99.0,0
2026-02-27 12:00:47.700,0,0,0.08,99.9,0
2026-02-27 12:00:47.800,1,1,8.25,66.8,2
2026-02-27 12:00:47.900,0,0,0.23,98.8,0
2026-02-27 12:00:48.000,0,0,0.33,99.1,0
2026-02-27 12:00:48.100,0,0,0.03,99.0,0
2026-02-27 12:00:48.200,0,0,0.4,98.9,0
2026-02-27 12:00:48.300,0,0,0.03,99.6,0
2026-02-27 12:00:48.400,0,0,0.1,98.5,0
2026-02-27 12:00:48.500,1,1,4.82,53.2,2
2026-02-27 12:00:48.600,0,0,0.38,99.0,0
2026-02-27 12:00:48.700,0,0,0.1,99.8,0
2026-02-27 12:00:48.800,1,1,8.4,74.8,2
2026-02-27 12:00:48.900,1,0,3.35,99.9,1
2026-02-27 12:00:49.000,0,0,0.39,98.1,0
2026-02-27 12:00:49.100,0,0,0.03,98.9,0
2026-02-27 12:00:49.200,0,0,0.45,99.1,0
2026-02-27 12:00:49.300,0,0,0.25,98.2,0
2026-02-27 12:00:49.400,0,0,0.33,99.6,0
2026-02-27 12:00:49.500,0,0,0.19,99.6,0
2026-02-27 12:00:49.600,0,0,0.48,98.4,0
2026-02-27 12:00:49.700,0,0,0.26,98.6,0
2026-02-27 12:00:49.800,1,1,7.96,63.1,2
2026-02-27 12:00:49.900,1,1,7.17,71.9,2
2026-02-27 12:00:50.000,0,0,0.2,99.8,0
2026-02-27 12:00:50.100,0,0,0.27,98.3,0
2026-02-27 12:00:50.200,0,0,0.35,99.6,0
2026-02-27 12:00:50.300,0,1,4.57,99.5,1
2026-02-27 12:00:50.400,0,0,0.14,100.0,0
2026-02-27 12:00:50.500,0,0,0.07,98.4,0
2026-02-27 12:00:50.600,1,1,4.92,75.8,2
2026-02-27 12:00:50.700,1,1,2.46,97.2,1
2026-02-27 12:00:50.800,1,1,7.08,43.3,2
2026-02-27 12:00:50.900,1,0,4.41,97.5,1
2026-02-27 12:00:51.000,0,0,0.48,98.8,0
2026-02-27 12:00:51.100,0,0,0.49,99.3,0
2026-02-27 12:00:51.200,1,1,7.17,46.6,2
2026-02-27 12:00:51.300,1,1,3.28,95.8,1
2026-02-27 12:00:51.400,0,0,0.01,99.1,0
2026-02-27 12:00:51.500,0,0,0.26,99.4,0
2026-02-27 12:00:51.600,0,0,0.45,98.2,0
2026-02-27 12:00:51.700,1,0,2.56,99.3,1
2026-02-27 12:00:51.800,1,1,8.1,61.6,2
2026-02-27 12:00:51.900,0,0,0.36,98.6,0
2026-02-27 12:00:52.000,0,0,0.24,99.6,0
2026-02-27 12:00:52.100,0,0,0.23,98.7,0
2026-02-27 12:00:52.200,1,1,6.47,73.1,2
2026-02-27 12:00:52.300,1,1,2.52,98.6,1
2026-02-27 12:00:52.400,1,1,2.3,96.2,1
2026-02-27 12:00:52.500,0,0,0.07,98.7,0
2026-02-27 12:00:52.600,0,0,0.23,99.5,0
2026-02-27 12:00:52.700,0,0,0.33,99.2,0
2026-02-27 12:00:52.800,0,0,0.18,99.7,0
2026-02-27 12:00:52.900,0,1,4.94,98.2,1
2026-02-27 12:00:53.000,1,0,4.03,96.6,1
2026-02-27 12:00:53.100,1,1,7.43,42.8,2
2026-02-27 12:00:53.200,1,1,4.87,74.2,2
2026-02-27 12:00:53.300,0,0,0.11,99.7,0
2026-02-27 12:00:53.400,0,1,3.93,98.5,1
2026-02-27 12:00:53.500,1,1,6.56,52.2,2
2026-02-27 12:00:53.600,1,0,2.1,96.5,1
2026-02-27 12:00:53.700,0,0,0.33,99.9,0
2026-02-27 12:00:53.800,0,0,0.44,99.5,0
2026-02-27 12:00:53.900,0,0,0.39,99.3,0
2026-02-27 12:00:54.000,1,1,5.3,76.3,2
2026-02-27 12:00:54.100,0,0,0.34,99.1,0
2026-02-27 12:00:54.200,0,0,0.06,98.9,0
2026-02-27 12:00:54.300,0,0,0.23,99.7,0
2026-02-27 12:00:54.400,0,0,0.27,98.8,0
2026-02-27 12:00:54.500,0,0,0.49,98.2,0
2026-02-27 12:00:54.600,0,0,0.21,98.1,0
2026-02-27 12:00:54.700,0,0,0.37,99.8,0
2026-02-27 12:00:54.800,0,0,0.14,99.7,0
2026-02-27 12:00:54.900,0,1,4.73,98.8,1
2026-02-27 12:00:55.000,0,0,0.4,98.0,0
2026-02-27 12:00:55.100,0,1,4.18,96.5,1
2026-02-27 12:00:55.200,0,0,0.41,98.6,0
2026-02-27 12:00:55.300,0,0,0.44,98.2,0
2026-02-27 12:00:55.400,1,0,3.62,95.5,1
2026-02-27 12:00:55.500,0,0,0.12,98.0,0
2026-02-27 12:00:55.600,0,0,0.23,98.6,0
2026-02-27 12:00:55.700,0,0,0.3,98.6,0
2026-02-27 12:00:55.800,0,1,4.23,95.2,1
2026-02-27 12:00:55.900,0,0,0.45,99.7,0
2026-02-27 12:00:56.000,1,0,3.78,99.5,1
2026-02-27 12:00:56.100,0,0,0.09,98.2,0
2026-02-27 12:00:56.200,0,0,0.12,99.6,0
2026-02-27 12:00:56.300,0,0,0.02,99.2,0
2026-02-27 12:00:56.400,0,0,0.5,99.7,0
2026-02-27 12:00:56.500,0,0,0.26,98.1,0
2026-02-27 12:00:56.600,0,0,0.42,99.2,0
2026-02-27 12:00:56.700,0,0,0.06,98.2,0
2026-02-27 12:00:56.800,1,1,8.55,66.8,2
2026-02-27 12:00:56.900,0,0,0.41,99.8,0
2026-02-27 12:00:57.000,0,0,0.29,99.0,0
2026-02-27 12:00:57.100,0,1,2.95,97.2,1
2026-02-27 12:00:57.200,0,0,0.39,99.2,0
2026-02-27 12:00:57.300,0,0,0.45,98.9,0
2026-02-27 12:00:57.400,1,0,3.89,98.0,1
2026-02-27 12:00:57.500,1,1,7.51,49.5,2
2026-02-27 12:00:57.600,0,0,0.26,98.2,0
2026-02-27 12:00:57.700,1,1,5.92,59.5,2
2026-02-27 12:00:57.800,0,0,0.33,99.9,0
2026-02-27 12:00:57.900,0,0,0.3,99.5,0
2026-02-27 12:00:58.000,0,0,0.25,99.3,0
2026-02-27 12:00:58.100,1,1,4.35,50.2,2
2026-02-27 12:00:58.200,0,0,0.18,98.9,0
2026-02-27 12:00:58.300,0,0,0.02,98.3,0
2026-02-27 12:00:58.400,0,0,0.14,99.9,0
2026-02-27 12:00:58.500,0,0,0.17,99.0,0
2026-02-27 12:00:58.600,0,0,0.1,99.2,0
2026-02-27 12:00:58.700,0,0,0.14,98.4,0
2026-02-27 12:00:58.800,0,0,0.26,98.0,0
2026-02-27 12:00:58.900,0,0,0.0,98.4,0
2026-02-27 12:00:59.000,0,0,0.02,98.2,0
2026-02-27 12:00:59.100,0,0,0.17,99.6,0
2026-02-27 12:00:59.200,0,0,0.29,99.0,0
2026-02-27 12:00:59.300,0,0,0.15,99.9,0
2026-02-27 12:00:59.400,0,1,2.26,98.1,1
2026-02-27 12:00:59.500,0,0,0.06,98.7,0
2026-02-27 12:00:59.600,0,0,0.25,99.7,0
2026-02-27 12:00:59.700,0,0,0.25,99.4,0
2026-02-27 12:00:59.800,0,0,0.5,98.3,0
2026-02-27 12:00:59.900,0,0,0.14,98.8,0
2026-02-27 12:01:00.000,0,0,0.21,98.8,0
2026-02-27 12:01:00.100,0,0,0.45,99.4,0
2026-02-27 12:01:00.200,0,0,0.3,98.6,0
2026-02-27 12:01:00.300,0,0,0.41,99.9,0
2026-02-27 12:01:00.400,0,0,0.41,98.0,0
2026-02-27 12:01:00.500,0,0,0.32,98.1,0
2026-02-27 12:01:00.600,0,0,0.13,98.1,0
2026-02-27 12:01:00.700,0,0,0.3,99.4,0
2026-02-27 12:01:00.800,0,0,0.06,98.8,0
2026-02-27 12:01:00.900,0,0,0.23,98.7,0
2026-02-27 12:01:01.000,0,0,0.06,98.8,0
2026-02-27 12:01:01.100,1,0,2.21,95.4,1
2026-02-27 12:01:01.200,0,0,0.18,99.9,0
2026-02-27 12:01:01.300,0,0,0.33,99.4,0
2026-02-27 12:01:01.400,1,0,3.78,95.1,1
2026-02-27 12:01:01.500,1,1,7.18,76.5,2
2026-02-27 12:01:01.600,0,0,0.31,99.7,0
2026-02-27 12:01:01.700,0,0,0.36,98.2,0
2026-02-27 12:01:01.800,1,0,2.2,97.7,1
2026-02-27 12:01:01.900,1,1,2.04,97.1,1
2026-02-27 12:01:02.000,0,0,0.15,99.0,0
2026-02-27 12:01:02.100,0,0,0.29,98.1,0
2026-02-27 12:01:02.200,0,0,0.06,99.1,0
2026-02-27 12:01:02.300,0,0,0.17,99.5,0
2026-02-27 12:01:02.400,0,0,0.33,99.7,0
2026-02-27 12:01:02.500,0,0,0.35,98.9,0
2026-02-27 12:01:02.600,0,0,0.34,98.6,0
2026-02-27 12:01:02.700,0,1,4.37,97.2,1
2026-02-27 12:01:02.800,0,0,0.4,99.6,0
2026-02-27 12:01:02.900,0,0,0.43,99.8,0
2026-02-27 12:01:03.000,1,0,2.96,97.9,1
2026-02-27 12:01:03.100,1,0,3.8,98.5,1
2026-02-27 12:01:03.200,0,0,0.34,98.7,0
2026-02-27 12:01:03.300,0,0,0.08,98.9,0
2026-02-27 12:01:03.400,0,0,0.07,99.8,0
2026-02-27 12:01:03.500,0,0,0.17,98.3,0
2026-02-27 12:01:03.600,0,0,0.01,99.3,0
2026-02-27 12:01:03.700,0,0,0.32,98.7,0
2026-02-27 12:01:03.800,0,0,0.04,98.8,0
2026-02-27 12:01:03.900,0,0,0.16,99.4,0
2026-02-27 12:01:04.000,0,0,0.3,98.7,0
2026-02-27 12:01:04.100,0,0,0.11,100.0,0
2026-02-27 12:01:04.200,0,0,0.23,99.4,0
2026-02-27 12:01:04.300,0,0,0.07,99.0,0
2026-02-27 12:01:04.400,0,0,0.01,99.0,0
2026-02-27 12:01:04.500,1,0,3.15,95.2,1
2026-02-27 12:01:04.600,0,0,0.02,98.8,0
2026-02-27 12:01:04.700,0,0,0.08,98.0,0
2026-02-27 12:01:04.800,1,0,3.38,96.4,1
2026-02-27 12:01:04.900,0,0,0.45,98.2,0
2026-02-27 12:01:05.000,0,0,0.48,98.6,0
2026-02-27 12:01:05.100,0,0,0.44,99.2,0
2026-02-27 12:01:05.200,0,0,0.41,100.0,0
2026-02-27 12:01:05.300,1,0,4.88,96.9,1
2026-02-27 12:01:05.400,0,0,0.19,98.7,0
2026-02-27 12:01:05.500,0,0,0.27,98.3,0
2026-02-27 12:01:05.600,0,0,0.28,99.1,0
2026-02-27 12:01:05.700,0,0,0.38,99.7,0
2026-02-27 12:01:05.800,0,0,0.22,98.6,0
2026-02-27 12:01:05.900,0,0,0.13,98.4,0
2026-02-27 12:01:06.000,0,0,0.03,98.7,0
2026-02-27 12:01:06.100,1,1,5.35,78.7,2
2026-02-27 12:01:06.200,0,0,0.28,98.7,0
2026-02-27 12:01:06.300,0,0,0.29,98.3,0
2026-02-27 12:01:06.400,0,0,0.22,99.3,0
2026-02-27 12:01:06.500,0,0,0.24,98.8,0
2026-02-27 12:01:06.600,0,0,0.5,99.8,0
2026-02-27 12:01:06.700,0,0,0.31,99.1,0
2026-02-27 12:01:06.800,0,0,0.31,98.4,0
2026-02-27 12:01:06.900,0,0,0.2,98.1,0
2026-02-27 12:01:07.000,0,0,0.24,99.1,0
2026-02-27 12:01:07.100,1,0,4.89,99.5,1
2026-02-27 12:01:07.200,0,0,0.36,99.1,0
2026-02-27 12:01:07.300,0,0,0.43,98.3,0
2026-02-27 12:01:07.400,0,0,0.4,98.2,0
2026-02-27 12:01:07.500,1,1,7.97,51.0,2
2026-02-27 12:01:07.600,0,0,0.44,99.9,0
2026-02-27 12:01:07.700,0,0,0.07,98.9,0
2026-02-27 12:01:07.800,1,1,8.9,59.3,2
2026-02-27 12:01:07.900,1,1,3.77,96.9,1
2026-02-27 12:01:08.000,1,0,2.61,98.8,1
2026-02-27 12:01:08.100,0,0,0.19,99.0,0
2026-02-27 12:01:08.200,0,0,0.25,99.2,0
2026-02-27 12:01:08.300,0,0,0.43,100.0,0
2026-02-27 12:01:08.400,1,1,6.04,73.1,2
2026-02-27 12:01:08.500,0,0,0.38,99.1,0
2026-02-27 12:01:08.600,0,0,0.48,98.4,0
2026-02-27 12:01:08.700,0,0,0.05,99.7,0
2026-02-27 12:01:08.800,1,0,4.54,99.5,1
2026-02-27 12:01:08.900,0,0,0.03,99.8,0
2026-02-27 12:01:09.000,0,0,0.22,99.0,0
2026-02-27 12:01:09.100,0,0,0.31,99.9,0
2026-02-27 12:01:09.200,0,0,0.01,99.0,0
2026-02-27 12:01:09.300,0,0,0.34,99.4,0
2026-02-27 12:01:09.400,0,0,0.35,98.3,0
2026-02-27 12:01:09.500,0,0,0.15,98.7,0
2026-02-27 12:01:09.600,0,0,0.4,98.6,0
2026-02-27 12:01:09.700,0,0,0.11,99.9,0
2026-02-27 12:01:09.800,0,0,0.0,100.0,0
2026-02-27 12:01:09.900,0,0,0.34,99.7,0
2026-02-27 12:01:10.000,0,0,0.15,98.0,0
2026-02-27 12:01:10.100,0,0,0.37,99.7,0
2026-02-27 12:01:10.200,0,0,0.37,98.3,0
2026-02-27 12:01:10.300,0,0,0.38,99.5,0
2026-02-27 12:01:10.400,0,0,0.33,99.5,0
2026-02-27 12:01:10.500,1,1,8.23,64.5,2
2026-02-27 12:01:10.600,0,0,0.04,99.0,0
2026-02-27 12:01:10.700,1,1,3.22,97.0,1
2026-02-27 12:01:10.800,0,0,0.03,98.7,0
2026-02-27 12:01:10.900,0,0,0.06,99.6,0
2026-02-27 12:01:11.000,0,1,2.22,99.8,1
2026-02-27 12:01:11.100,0,0,0.26,98.6,0
2026-02-27 12:01:11.200,0,0,0.04,99.0,0
2026-02-27 12:01:11.300,0,0,0.4,99.4,0
2026-02-27 12:01:11.400,0,0,0.03,98.1,0
2026-02-27 12:01:11.500,1,1,6.01,51.8,2
2026-02-27 12:01:11.600,1,1,2.84,99.0,1
2026-02-27 12:01:11.700,1,1,8.65,56.2,2
2026-02-27 12:01:11.800,0,0,0.45,98.6,0
2026-02-27 12:01:11.900,1,0,2.68,98.2,1
2026-02-27 12:01:12.000,1,1,8.89,64.1,2
2026-02-27 12:01:12.100,0,0,0.18,99.3,0
2026-02-27 12:01:12.200,0,0,0.06,99.8,0
2026-02-27 12:01:12.300,0,1,3.35,97.9,1
2026-02-27 12:01:12.400,0,0,0.31,98.1,0
2026-02-27 12:01:12.500,1,1,2.73,98.6,1
2026-02-27 12:01:12.600,0,0,0.41,99.6,0
2026-02-27 12:01:12.700,1,1,3.56,95.7,1
2026-02-27 12:01:12.800,0,0,0.39,98.5,0
2026-02-27 12:01:12.900,0,0,0.25,98.6,0
2026-02-27 12:01:13.000,0,0,0.07,99.3,0
2026-02-27 12:01:13.100,1,0,4.25,96.6,1
2026-02-27 12:01:13.200,0,0,0.0,99.0,0
2026-02-27 12:01:13.300,0,0,0.02,98.6,0
2026-02-27 12:01:13.400,0,0,0.35,98.1,0
2026-02-27 12:01:13.500,1,1,2.01,96.2,1
2026-02-27 12:01:13.600,0,0,0.37,98.6,0
2026-02-27 12:01:13.700,1,0,3.08,96.4,1
2026-02-27 12:01:13.800,0,0,0.42,98.6,0
2026-02-27 12:01:13.900,0,0,0.39,99.8,0
2026-02-27 12:01:14.000,0,0,0.22,99.8,0
2026-02-27 12:01:14.100,0,0,0.19,99.9,0
2026-02-27 12:01:14.200,1,0,4.06,97.5,1
2026-02-27 12:01:14.300,0,0,0.19,99.3,0
2026-02-27 12:01:14.400,0,0,0.35,98.0,0
2026-02-27 12:01:14.500,1,0,4.14,98.3,1
2026-02-27 12:01:14.600,0,0,0.48,99.5,0
2026-02-27 12:01:14.700,0,0,0.48,99.4,0
2026-02-27 12:01:14.800,1,1,5.49,44.2,2
2026-02-27 12:01:14.900,0,0,0.39,99.3,0
2026-02-27 12:01:15.000,0,0,0.02,98.7,0
2026-02-27 12:01:15.100,1,1,8.78,60.0,2
2026-02-27 12:01:15.200,0,0,0.22,98.9,0
2026-02-27 12:01:15.300,0,0,0.1,98.7,0
2026-02-27 12:01:15.400,0,0,0.18,98.1,0
2026-02-27 12:01:15.500,1,0,3.25,99.1,1
2026-02-27 12:01:15.600,0,0,0.43,98.4,0
2026-02-27 12:01:15.700,0,0,0.33,98.9,0
2026-02-27 12:01:15.800,1,1,2.65,98.4,1
2026-02-27 12:01:15.900,1,0,2.89,95.7,1
2026-02-27 12:01:16.000,0,0,0.33,99.5,0
2026-02-27 12:01:16.100,0,0,0.16,99.3,0
2026-02-27 12:01:16.200,0,0,0.2,99.4,0
2026-02-27 12:01:16.300,1,0,4.67,96.4,1
2026-02-27 12:01:16.400,0,0,0.18,98.1,0
2026-02-27 12:01:16.500,0,0,0.06,99.0,0
2026-02-27 12:01:16.600,1,0,4.51,95.1,1
2026-02-27 12:01:16.700,0,1,3.01,95.1,1
2026-02-27 12:01:16.800,0,0,0.06,98.8,0
2026-02-27 12:01:16.900,1,0,3.21,97.7,1
2026-02-27 12:01:17.000,0,0,0.3,98.0,0
2026-02-27 12:01:17.100,1,0,4.89,97.6,1
2026-02-27 12:01:17.200,0,0,0.34,98.6,0
2026-02-27 12:01:17.300,0,0,0.39,99.5,0
2026-02-27 12:01:17.400,1,1,4.93,95.6,1
2026-02-27 12:01:17.500,0,0,0.01,99.5,0
2026-02-27 12:01:17.600,0,0,0.4,98.2,0
2026-02-27 12:01:17.700,1,0,2.05,96.5,1
2026-02-27 12:01:17.800,1,0,3.55,96.7,1
2026-02-27 12:01:17.900,0,0,0.19,98.0,0
2026-02-27 12:01:18.000,0,0,0.15,99.3,0
2026-02-27 12:01:18.100,0,0,0.49,99.7,0
2026-02-27 12:01:18.200,0,0,0.01,99.8,0
2026-02-27 12:01:18.300,0,0,0.39,99.6,0
2026-02-27 12:01:18.400,0,0,0.23,98.8,0
2026-02-27 12:01:18.500,1,1,5.51,42.6,2
2026-02-27 12:01:18.600,0,0,0.11,98.5,0
2026-02-27 12:01:18.700,0,0,0.24,99.5,0
2026-02-27 12:01:18.800,0,0,0.24,98.1,0
2026-02-27 12:01:18.900,1,1,8.79,77.7,2
2026-02-27 12:01:19.000,0,0,0.39,100.0,0
2026-02-27 12:01:19.100,0,0,0.27,99.9,0
2026-02-27 12:01:19.200,0,0,0.04,98.7,0
2026-02-27 12:01:19.300,0,0,0.11,98.4,0
2026-02-27 12:01:19.400,0,0,0.07,99.2,0
2026-02-27 12:01:19.500,1,0,3.73,95.7,1
2026-02-27 12:01:19.600,1,1,8.06,65.4,2
2026-02-27 12:01:19.700,0,0,0.19,99.3,0
2026-02-27 12:01:19.800,0,0,0.13,98.7,0
2026-02-27 12:01:19.900,1,1,8.59,51.6,2
2026-02-27 12:01:20.000,1,0,4.67,98.5,1
2026-02-27 12:01:20.100,0,0,0.03,98.3,0
2026-02-27 12:01:20.200,0,0,0.0,99.3,0
2026-02-27 12:01:20.300,0,0,0.22,98.3,0
2026-02-27 12:01:20.400,0,0,0.48,99.1,0
2026-02-27 12:01:20.500,0,1,3.5,98.4,1
2026-02-27 12:01:20.600,1,1,4.38,51.0,2
2026-02-27 12:01:20.700,1,1,8.03,58.4,2
2026-02-27 12:01:20.800,0,0,0.27,98.9,0
2026-02-27 12:01:20.900,0,0,0.02,98.3,0
2026-02-27 12:01:21.000,1,1,6.23,48.4,2
2026-02-27 12:01:21.100,0,1,4.53,99.9,1
2026-02-27 12:01:21.200,0,0,0.4,99.7,0
2026-02-27 12:01:21.300,1,1,5.21,78.4,2
2026-02-27 12:01:21.400,1,1,4.85,100.0,1
2026-02-27 12:01:21.500,0,0,0.36,100.0,0
2026-02-27 12:01:21.600,0,0,0.28,98.5,0
2026-02-27 12:01:21.700,0,0,0.22,99.2,0
2026-02-27 12:01:21.800,0,0,0.04,99.2,0
2026-02-27 12:01:21.900,0,0,0.49,98.4,0
2026-02-27 12:01:22.000,1,0,4.72,99.7,1
2026-02-27 12:01:22.100,0,0,0.48,99.0,0
2026-02-27 12:01:22.200,0,0,0.49,99.5,0
2026-02-27 12:01:22.300,0,0,0.08,99.0,0
2026-02-27 12:01:22.400,0,0,0.36,98.5,0
2026-02-27 12:01:22.500,1,1,7.2,66.7,2
2026-02-27 12:01:22.600,0,0,0.08,99.1,0
2026-02-27 12:01:22.700,0,0,0.39,99.0,0
2026-02-27 12:01:22.800,1,0,2.03,96.8,1
2026-02-27 12:01:22.900,0,0,0.46,98.5,0
2026-02-27 12:01:23.000,0,0,0.32,98.4,0
2026-02-27 12:01:23.100,0,0,0.16,99.7,0
2026-02-27 12:01:23.200,0,0,0.36,98.2,0
2026-02-27 12:01:23.300,0,0,0.21,98.1,0
2026-02-27 12:01:23.400,0,0,0.24,99.3,0
2026-02-27 12:01:23.500,0,0,0.06,98.6,0
2026-02-27 12:01:23.600,1,1,5.99,76.8,2
2026-02-27 12:01:23.700,0,0,0.5,98.1,0
2026-02-27 12:01:23.800,0,0,0.38,98.7,0
2026-02-27 12:01:23.900,0,0,0.2,99.5,0
2026-02-27 12:01:24.000,0,0,0.46,99.9,0
2026-02-27 12:01:24.100,0,0,0.29,98.7,0
2026-02-27 12:01:24.200,0,0,0.39,98.5,0
2026-02-27 12:01:24.300,1,1,6.82,54.3,2
2026-02-27 12:01:24.400,0,0,0.33,98.5,0
2026-02-27 12:01:24.500,0,0,0.1,99.8,0
2026-02-27 12:01:24.600,0,0,0.05,99.0,0
2026-02-27 12:01:24.700,1,1,5.1,41.6,2
2026-02-27 12:01:24.800,0,0,0.02,98.4,0
2026-02-27 12:01:24.900,0,0,0.43,98.6,0
2026-02-27 12:01:25.000,0,0,0.48,99.2,0
2026-02-27 12:01:25.100,0,1,3.74,97.6,1
2026-02-27 12:01:25.200,0,0,0.38,98.6,0
2026-02-27 12:01:25.300,1,0,4.68,99.7,1
2026-02-27 12:01:25.400,0,0,0.45,98.8,0
2026-02-27 12:01:25.500,0,0,0.39,99.0,0
2026-02-27 12:01:25.600,0,0,0.25,98.4,0
2026-02-27 12:01:25.700,0,0,0.3,98.4,0
2026-02-27 12:01:25.800,0,0,0.17,99.7,0
2026-02-27 12:01:25.900,0,0,0.1,98.1,0
2026-02-27 12:01:26.000,1,1,4.82,97.5,1
2026-02-27 12:01:26.100,0,0,0.2,99.6,0
2026-02-27 12:01:26.200,0,0,0.42,98.7,0
2026-02-27 12:01:26.300,0,0,0.35,99.5,0
2026-02-27 12:01:26.400,0,0,0.33,98.3,0
2026-02-27 12:01:26.500,0,0,0.44,99.1,0
2026-02-27 12:01:26.600,0,0,0.14,98.9,0
2026-02-27 12:01:26.700,0,0,0.02,98.3,0
2026-02-27 12:01:26.800,1,0,2.0,97.1,1
2026-02-27 12:01:26.900,1,1,6.61,42.2,2
2026-02-27 12:01:27.000,0,0,0.49,98.5,0
2026-02-27 12:01:27.100,0,0,0.15,98.6,0
2026-02-27 12:01:27.200,0,0,0.12,98.0,0
2026-02-27 12:01:27.300,0,0,0.36,99.9,0
2026-02-27 12:01:27.400,0,0,0.11,99.3,0
2026-02-27 12:01:27.500,0,0,0.37,99.7,0
2026-02-27 12:01:27.600,0,1,2.91,96.6,1
2026-02-27 12:01:27.700,0,0,0.36,99.6,0
2026-02-27 12:01:27.800,0,0,0.09,98.7,0
2026-02-27 12:01:27.900,0,0,0.45,99.6,0
2026-02-27 12:01:28.000,0,0,0.49,99.5,0
2026-02-27 12:01:28.100,0,0,0.2,99.2,0
2026-02-27 12:01:28.200,0,0,0.33,98.2,0
2026-02-27 12:01:28.300,0,0,0.27,99.4,0
2026-02-27 12:01:28.400,0,1,4.34,97.9,1
2026-02-27 12:01:28.500,0,0,0.48,98.1,0
2026-02-27 12:01:28.600,0,0,0.13,99.2,0
2026-02-27 12:01:28.700,0,0,0.15,99.4,0
2026-02-27 12:01:28.800,0,0,0.38,98.2,0
2026-02-27 12:01:28.900,0,0,0.26,99.0,0
2026-02-27 12:01:29.000,1,0,4.8,99.1,1
2026-02-27 12:01:29.100,1,0,4.14,97.3,1
2026-02-27 12:01:29.200,1,0,4.08,98.6,1
2026-02-27 12:01:29.300,0,0,0.43,98.5,0
2026-02-27 12:01:29.400,0,0,0.4,98.4,0
2026-02-27 12:01:29.500,0,0,0.17,98.7,0
2026-02-27 12:01:29.600,0,0,0.49,99.7,0
2026-02-27 12:01:29.700,1,0,4.18,97.8,1
2026-02-27 12:01:29.800,0,0,0.47,99.0,0
2026-02-27 12:01:29.900,0,0,0.19,98.3,0
2026-02-27 12:01:30.000,0,0,0.39,99.5,0
2026-02-27 12:01:30.100,0,0,0.19,98.1,0
2026-02-27 12:01:30.200,0,0,0.42,98.0,0
2026-02-27 12:01:30.300,0,0,0.35,99.9,0
2026-02-27 12:01:30.400,0,0,0.22,98.5,0
2026-02-27 12:01:30.500,1,0,4.45,97.7,1
2026-02-27 12:01:30.600,0,1,2.16,97.5,1
2026-02-27 12:01:30.700,0,0,0.36,99.7,0
2026-02-27 12:01:30.800,0,0,0.09,99.6,0
2026-02-27 12:01:30.900,0,0,0.28,98.8,0
2026-02-27 12:01:31.000,0,0,0.07,99.7,0
2026-02-27 12:01:31.100,0,0,0.08,98.6,0
2026-02-27 12:01:31.200,0,0,0.15,99.7,0
2026-02-27 12:01:31.300,0,0,0.34,99.6,0
2026-02-27 12:01:31.400,0,0,0.13,99.2,0
2026-02-27 12:01:31.500,0,0,0.29,99.7,0
2026-02-27 12:01:31.600,0,0,0.45,98.0,0
2026-02-27 12:01:31.700,1,1,7.37,42.1,2
2026-02-27 12:01:31.800,0,1,2.86,96.5,1
2026-02-27 12:01:31.900,0,0,0.18,99.2,0
2026-02-27 12:01:32.000,1,0,4.2,97.0,1
2026-02-27 12:01:32.100,0,0,0.03,99.6,0
2026-02-27 12:01:32.200,1,1,3.3,98.4,1
2026-02-27 12:01:32.300,1,0,2.17,96.9,1
2026-02-27 12:01:32.400,0,0,0.47,99.3,0
2026-02-27 12:01:32.500,0,0,0.34,99.3,0
2026-02-27 12:01:32.600,0,0,0.1,98.8,0
2026-02-27 12:01:32.700,0,0,0.38,98.2,0
2026-02-27 12:01:32.800,0,0,0.14,98.6,0
2026-02-27 12:01:32.900,0,0,0.22,100.0,0
2026-02-27 12:01:33.000,0,0,0.03,99.0,0
2026-02-27 12:01:33.100,0,1,4.91,95.6,1
2026-02-27 12:01:33.200,1,1,6.02,69.5,2
2026-02-27 12:01:33.300,0,0,0.35,98.8,0
2026-02-27 12:01:33.400,0,0,0.17,98.8,0
2026-02-27 12:01:33.500,0,0,0.13,98.4,0
2026-02-27 12:01:33.600,0,0,0.24,98.5,0
2026-02-27 12:01:33.700,1,1,5.44,66.3,2
2026-02-27 12:01:33.800,0,0,0.48,99.2,0
2026-02-27 12:01:33.900,0,0,0.04,98.2,0
2026-02-27 12:01:34.000,0,0,0.48,98.6,0
2026-02-27 12:01:34.100,0,0,0.05,99.2,0
2026-02-27 12:01:34.200,0,0,0.31,99.3,0
2026-02-27 12:01:34.300,1,0,2.05,99.8,1
2026-02-27 12:01:34.400,0,0,0.13,99.4,0
2026-02-27 12:01:34.500,0,0,0.35,99.2,0
2026-02-27 12:01:34.600,0,0,0.16,98.5,0
2026-02-27 12:01:34.700,1,1,6.99,74.6,2
2026-02-27 12:01:34.800,1,0,2.32,95.8,1
2026-02-27 12:01:34.900,0,0,0.47,99.5,0
2026-02-27 12:01:35.000,0,0,0.44,98.4,0
2026-02-27 12:01:35.100,0,0,0.29,99.4,0
2026-02-27 12:01:35.200,0,0,0.34,98.8,0
2026-02-27 12:01:35.300,1,1,4.08,63.3,2
2026-02-27 12:01:35.400,0,0,0.13,98.9,0
2026-02-27 12:01:35.500,0,0,0.48,98.8,0
2026-02-27 12:01:35.600,0,0,0.42,98.4,0
2026-02-27 12:01:35.700,0,0,0.34,100.0,0
2026-02-27 12:01:35.800,0,0,0.05,98.0,0
2026-02-27 12:01:35.900,1,1,2.28,98.7,1
2026-02-27 12:01:36.000,0,0,0.46,98.9,0
2026-02-27 12:01:36.100,0,0,0.13,98.9,0
2026-02-27 12:01:36.200,0,0,0.36,98.0,0
2026-02-27 12:01:36.300,0,0,0.29,99.2,0
2026-02-27 12:01:36.400,0,0,0.32,98.5,0
2026-02-27 12:01:36.500,0,0,0.36,98.2,0
2026-02-27 12:01:36.600,1,0,4.63,98.7,1
2026-02-27 12:01:36.700,0,0,0.01,98.5,0
2026-02-27 12:01:36.800,0,0,0.11,98.5,0
2026-02-27 12:01:36.900,0,0,0.12,98.1,0
2026-02-27 12:01:37.000,0,0,0.23,99.5,0
2026-02-27 12:01:37.100,1,1,7.03,66.9,2
2026-02-27 12:01:37.200,1,1,4.85,99.2,1
2026-02-27 12:01:37.300,0,0,0.4,99.6,0
2026-02-27 12:01:37.400,0,0,0.47,99.1,0
2026-02-27 12:01:37.500,0,0,0.1,99.2,0
2026-02-27 12:01:37.600,0,0,0.37,99.5,0
2026-02-27 12:01:37.700,0,0,0.26,98.1,0
2026-02-27 12:01:37.800,0,0,0.19,99.8,0
2026-02-27 12:01:37.900,0,0,0.29,99.1,0
2026-02-27 12:01:38.000,0,0,0.13,98.7,0
2026-02-27 12:01:38.100,1,0,4.0,98.9,1
2026-02-27 12:01:38.200,0,0,0.23,99.3,0
2026-02-27 12:01:38.300,0,0,0.12,99.4,0
2026-02-27 12:01:38.400,1,1,3.33,98.2,1
2026-02-27 12:01:38.500,0,0,0.47,98.1,0
2026-02-27 12:01:38.600,0,0,0.41,98.6,0
2026-02-27 12:01:38.700,0,0,0.22,98.0,0
2026-02-27 12:01:38.800,0,0,0.15,99.0,0
2026-02-27 12:01:38.900,1,0,3.47,99.6,1
2026-02-27 12:01:39.000,1,0,4.29,97.0,1
2026-02-27 12:01:39.100,0,0,0.33,98.5,0
2026-02-27 12:01:39.200,0,0,0.08,98.3,0
2026-02-27 12:01:39.300,0,0,0.04,98.4,0
2026-02-27 12:01:39.400,0,0,0.33,99.8,0
2026-02-27 12:01:39.500,0,0,0.41,99.4,0
2026-02-27 12:01:39.600,1,1,4.55,51.6,2
2026-02-27 12:01:39.700,0,0,0.15,98.5,0
2026-02-27 12:01:39.800,1,1,6.58,61.4,2
2026-02-27 12:01:39.900,0,0,0.18,98.7,0
